<?xml version="1.0" encoding="UTF-8" standalone="yes"?>
<manifest>
  <control namespace="LookupBarcode" constructor="LookupBarcode" version="0.0.31" display-name-key="Lookup Barcode Control" description-key="A control that enables barcode scanner for lookup fields to search based on barcode being scanned" control-type="standard" preview-image="img/barcodelookupicon.png" api-version="1.3.4">
    <external-service-usage enabled="false"/>
    <property name="barcodeLookupProperty" display-name-key="BarcodeLookup_Display_Key" description-key="A Lookup to associate to barcode scanner to" of-type="Lookup.Simple" usage="bound" required="true"/>
    <property name="configProperty" display-name-key="Configuration" description-key="Provide the entity to search and field to search the output of barcode scanner" usage="input" required="true" of-type="SingleLine.TextArea"/>
    <resources>
      <code path="bundle.js" order="1"/>
      <css path="css/LookupBarcode.css" order="1"/>
    </resources>
    <feature-usage>
      <uses-feature name="Device.getBarcodeValue" required="true"/>
      <uses-feature name="Utility" required="true"/>
      <uses-feature name="WebAPI" required="true"/>
    </feature-usage>
    <built-by name="pac" version="1.19.3"/>
  </control>
</manifest>